Keyword,Avg Monthly Searches,Competition,Top of Page Bid High
ce ferulic,50000,High,$7.00
c ferulic,50000,High,$7.00
ferulic serum,50000,High,$7.00
skin ce ferulic,50000,High,$7.00
ceuticals ce ferulic,50000,High,$7.00
ce ferulic skin ceutical,50000,High,$7.00
ferulic acid serum,5000,High,$4.31
phloretin cf,5000,High,$6.00
skin ceutical ce ferulic,5000,High,$6.66
ce ferulic acid,5000,High,$6.54
vitamin c ferulic acid,5000,High,$5.81
ce ferulic dupe,5000,High,$4.50
ferulic,5000,High,$4.02
vitamin c and ferulic acid,5000,High,$5.81
serum ferulic acid,5000,High,$4.31
ce ferulic serum,500,High,$6.00
skin ceutical phloretin cf,500,High,$6.00
vitamin c ferulic acid serum,500,High,$5.03
ce ferulic vitamin c,500,High,$6.00
phloretin cf gel,500,High,$7.00
ferulic acid benefits,500,High,$1.03
vitamin c ferulic,500,High,$6.87
ferulic acid for skin,500,High,$2.30
c ferulic serum,500,High,$6.00
vitamin c and ferulic acid serum,500,High,$5.03
vitamin c and e ferulic acid serum,500,High,$4.45
best vitamin c ferulic acid serum,500,High,$4.35
ferulic acid skin benefits,500,High,$1.18
c & e ferulic serum,500,High,$6.00
ferulic ce serum,500,High,$6.00
vitamin c with ferulic acid serum,500,High,$5.03
ferulic c serum,500,High,$6.00
serum ferulic,500,High,$6.00
ce ferulic best price,500,High,$7.20
serum c ferulic,500,High,$6.00
ferulic acid skincare,500,High,$3.37
vit ce ferulic,500,High,$7.00
serum vitamin c ferulic acid,500,High,$5.03
ferulic retinol triple correction eye serum,500,High,$3.54
ferulic and retinol,500,High,$4.70
ferulic acid retinol,500,High,$4.70
ferulic for skin,500,High,$2.30
phloretin cf with ferulic acid,500,High,$7.28
skincare ferulic acid,500,High,$3.37
